year,month,temp_avg,temp_max,temp_range,rainfall,rainy_days,traffic,severity_index,yolo_damage_score,severity_lag1,severity_lag2,rainfall_lag1,target_2m
2022,3,23.86072991488192,27.69486316872792,6.5730199916764604,8.154157311744333,6,254649641,0.473831392156323,0.16,0.3756799477833115,0.45221944216461407,15.79246368143489,0.5741728399438932
2022,4,30.04436278987062,32.798661766717146,5.070932603745916,11.111881513683073,10,227688304,0.29551196613160924,0.19,0.473831392156323,0.3756799477833115,8.154157311744333,0.7731186431573304
2022,5,35.14383670006605,40.77909723598208,8.816811115968505,36.48201375872033,21,242408119,0.5741728399438932,0.25,0.29551196613160924,0.473831392156323,11.111881513683073,0.6641530033022125
2022,6,33.07286864157727,36.18323429551896,8.04513530562258,220.1612819293048,28,235289382,0.7731186431573304,0.42,0.5741728399438932,0.29551196613160924,36.48201375872033,0.7150498600726714
2022,7,30.131395992090766,33.13858091352819,5.310707425774183,401.1889178495345,31,224006604,0.6641530033022125,0.58,0.7731186431573304,0.5741728399438932,220.1612819293048,0.637857536632965
2022,8,29.232623937523222,32.28470439982652,6.470547986291251,432.9515411572097,31,229119617,0.7150498600726714,0.63,0.6641530033022125,0.7731186431573304,401.1889178495345,0.6568405753737097
2022,9,30.149490416384694,33.09112188732297,6.19228503738276,208.3454503858391,29,218365188,0.637857536632965,0.55,0.7150498600726714,0.6641530033022125,432.9515411572097,0.44483249565909205
2022,10,26.710366363926962,29.86412496070517,5.136911554003007,87.12637518546009,27,237783149,0.6568405753737097,0.45,0.637857536632965,0.7150498600726714,208.3454503858391,0.5706341429360939
