year,month,severity_index
2022,1,2.043437914481195
2022,2,1.821290187625352
2022,3,1.5160878697476643
2022,4,1.8308456158671718
2022,5,1.3904251964297416
2022,6,1.3897780394929928
2022,7,1.7426983216842853
2022,8,1.9087204826705293
2022,9,1.8319688934984115
2022,10,1.6981138316396696
2022,11,2.003107700148195
2022,12,2.0295601031899646
